insight_temp_id,company_id,title,lede,body,generated_at
1,2874,EUV 後の Hi-NA 装置採用タイミングは TEL のシェアを再構成しうる,,ASML の Hi-NA EUV 普及局面では、塗布／現像とエッチングの精度要求が一段引き上がる。TEL は EUV 対応コータ／デベロッパで独占的地位を持つ一方、Hi-NA 世代の認定タイミング次第で 2027 年以降の機種別利益率が大きく変わる。決算説明会では Hi-NA 対応の言及が浅く、投資家認識との温度差が大きい。,2026-05-22T10:00:00+09:00
2,2874,中国売上構成の質的変化：レガシー装置から先端へのミックス変化が利益率を変える,,中国売上比率 40% の絶対値はメディアでも頻出論点だが、ミックスの議論は浅い。レガシーノード向け装置（成膜・洗浄）と先端ロジック向け装置で粗利率が 10pt 以上違う。米輸出規制のさらなる強化が先端比率を引き下げる場合、売上維持でも利益率は段階的に低下しうる。,2026-05-22T10:00:00+09:00
3,2874,フィールドソリューション売上の構造化が遅れているリスク,,AMAT・ラムが装置設置ベースに対するサービス売上比率を明示開示しているのに対し、TEL は装置販売と一体運用の説明にとどまる。装置サイクル下降局面でサービス収益の安定性がどこまで効くかが見えにくく、ピーク懸念が割安修正を阻害している可能性。,2026-05-22T10:00:00+09:00
4,2253,HBM テスト機売上の前提崩壊リスクが市場予想に織り込まれていない,,HBM3E から HBM4 への世代交代でテスト工程が長時間化し、テスタ需要が増える前提が市場に広く共有されている。しかし HBM 製造各社の独自テスト内製化や、KGSD（Known Good Stacked Die）テスト方式の変化が起きると、テスタ需要の伸びは線形には乗らない。決算説明会ではこの点への言及が薄い。,2026-05-22T10:00:00+09:00
5,2253,テラダイン依存構造に変化、競合再編リスク,,後工程テスタは長年テラダインとの 2 強寡占で安定推移してきたが、Cohu・中国系新興プレイヤーの先端領域参入が静かに進む。アドバンテストの SoC テスタシェア優位がいつまで保てるか、競合分析の更新が必要。,2026-05-22T10:00:00+09:00
6,2253,PER 38 倍の前提：成長持続年数の感応度を可視化する必要,,PER 38 倍は SOX 平均 28 倍を大きく上回る。AI 半導体投資が 2027 年以降も継続する前提が崩れた場合の感応度が高く、現在の株価は『投資サイクルが少なくとも 3 年は減速しない』ことを織り込んでいる。下方サプライズ局面でのドローダウン耐性が中期テーマ。,2026-05-22T10:00:00+09:00
7,2285,受注残の質：保守・更新比率と新規容量増設比率の開示粒度が粗い,,受注残は明示開示されているが、内訳が『先端ロジック向け新規ライン分』『既存顧客の更新分』『マスクブランクスメーカー向け』で見えていない。Hi-NA 世代対応で大幅再投資が必要になる場合と、既存装置の延命が進む場合で 2027 年以降の業績は大きく分かれる。,2026-05-22T10:00:00+09:00
8,2285,競合不在のニッチ性が、逆に新規参入の経済合理性を変えるしきい値に近づいている,,粗利率 60% 超のニッチを長年独占しているが、KLA や ASML 子会社からの参入観測がしきい値を超え始める水準にある。中期的な競合参入リスクの感度分析が IR から不足している。,2026-05-22T10:00:00+09:00
9,2285,中国向けセールスの『規制裏側』エクスポージャー,,中国売上比率は表面上低いが、台湾・韓国経由で中国系顧客に最終納入される構造がどの程度あるかは IR で明らかにされていない。間接エクスポージャーが規制強化局面で表面化するリスクがある。,2026-05-22T10:00:00+09:00
10,1858,ブレード（消耗品）売上の循環性は装置売上ほど高くないが、開示粒度が粗い,,ブレード売上比率は 30% 強だが、稼働ベースのリカーリング構造の堅さが定量的に示されていない。装置サイクル下降局面でも稼働ベースが維持されればブレード売上は安定する仮説の検証材料が不足。,2026-05-22T10:00:00+09:00
11,1858,CoWoS 後工程の他社参入リスク：TEL・AMAT のハイブリッドボンディング装置参入の波及,,CoWoS 後工程はディスコの薄化・ダイシング装置と他社のハイブリッドボンディング装置を組み合わせて構築される。後工程の組み合わせが変わると、ディスコの装置占有領域も影響を受けうるが、IR ではこの可能性への言及が浅い。,2026-05-22T10:00:00+09:00
12,1858,営業利益率 38% は WFE 業界比でも極端、これを支える構造的要因の特定が必要,,WFE 業界平均営業利益率 25–28% に対し、ディスコは 38% 超。装置と消耗品の組み合わせモデルが理由とされるが、これを定量分解した IR 説明が不足。利益率の持続性に対する投資家認識のずれが残っている。,2026-05-22T10:00:00+09:00
13,2702,PER 14.8 倍の低位放置：非半導体セグメントが評価を引き下げているか,,半導体セグメント単体の利益率は WFE 平均水準だが、PER は同業より 30% 以上低い。非半導体（FPD、印刷、グラフィックアーツ）の構造的低収益性が連結評価を圧迫している可能性。セグメント整理やカーブアウトの IR 議論が浅い。,2026-05-22T10:00:00+09:00
14,2702,枚葉式洗浄シェア 50% 超の防衛：先端ノードでの極小欠陥洗浄要求への対応,,1nm 世代以降の洗浄工程はパーティクル除去のしきい値が桁違いになる。SCREEN の現行プラットフォームの対応可能性と、ラム・TEL の参入余地の議論が IR から不足している。,2026-05-22T10:00:00+09:00
15,2702,中国売上 34% の構成：レガシー比率と先端比率の見えなさ,,中国売上の中で、規制対象になりやすい先端ノード向けがどの程度を占めるか開示が薄い。輸出規制強化局面のシミュレーション材料が投資家に不足している。,2026-05-22T10:00:00+09:00
16,2306,SiC 設備投資の減価償却負担がいつから売上で吸収されるか、中計の前提が見えにくい,,宮崎・福岡の SiC 工場稼働開始で減価償却費が増加しているが、SiC 売上の立ち上がり前提（顧客採用ラインの確定状況、車載 LTA の数量・価格条件）が中計開示で粗い。2027 年度を境に営業利益率がどう推移するかの感応度が高い。,2026-05-22T10:00:00+09:00
17,2306,SiC 競合（ST・インフィニオン・WolfSpeed）との価格競争激化の織り込み,,SiC ウェハ価格は 2024–2025 年で 20–30% 下落、デバイス価格も追随。ロームの SiC 採算がこれをどこまで吸収できるかの定量議論が IR から不足。,2026-05-22T10:00:00+09:00
18,2306,PBR 0.84 倍と東芝デバイス&ストレージとの再編観測：合弁の本気度がどこまであるか,,東芝デバイス&ストレージとの SiC 製造合弁が継続するなか、PBR が 1 倍を割る水準で放置されている。M&A・再編シナリオの議論が IR では極めて慎重で、投資家との温度差がある。,2026-05-22T10:00:00+09:00
19,2085,Broadcom・Marvell 型のカスタム ASIC ビジネスモデル：日本企業として競合できるか,,Broadcom・Marvell はハイパースケーラー向けカスタム ASIC で爆発的な成長。ソシオネクストは規模で 1 桁以上劣位だが、自動車・国内データセンタという比較優位領域がある。グローバル競合との比較分析が IR から不足。,2026-05-22T10:00:00+09:00
20,2085,NRE 売上の繰延圧迫リスク：プロジェクト遅延が利益圧迫に直結する構造,,NRE（非経常エンジニアリング費）売上は顧客プロジェクトのマイルストーンに連動。データセンタ顧客のプロジェクト遅延が短期業績を大きく動かす構造で、四半期業績ブレ要因となる。,2026-05-22T10:00:00+09:00
21,2085,量産ロイヤルティ比率の開示粒度：将来の収益安定性を示す核指標が見えない,,ファブレス事業の本質的価値は『NRE 後の量産ロイヤルティ』にあるが、現在の売上構成での比率と将来見通しが粗く開示されている。投資家が中長期収益性を測れない状態。,2026-05-22T10:00:00+09:00
22,1006,シリコンウェハの世代交代：450mm 議論再燃の可能性と設備投資負担,,300mm ウェハが長期主流である前提が業界共通認識だが、AI 半導体需要急増で 450mm 移行議論が水面下で再燃する可能性。移行が現実化した場合、信越とサムコの設備投資負担が桁違いになる。IR ではこのシナリオへの言及がない。,2026-05-22T10:00:00+09:00
23,1006,PVC 事業のキャッシュフロー依存：脱炭素規制強化シナリオが過小評価されているか,,営業利益の 40% 弱を稼ぐ PVC 事業は北米シェールガス価格優位に支えられているが、北米脱炭素政策・カーボン税導入で利益構造が変わるリスクが IR で過小評価されている可能性。,2026-05-22T10:00:00+09:00
24,1006,フォトレジストの先端 EUV シェア：JSR・TOK との競争の見えにくさ,,EUV レジストは JSR・TOK が先行する中、信越のシェアと先端ノード採用状況が IR では断片的にしか開示されない。電子材料セグメント内の構造分解が投資家視点で不足。,2026-05-22T10:00:00+09:00
25,2270,中国売上比率 64% の独自構造：規制強化シナリオでの感応度,,中国半導体投資の現地調達需要に乗る独自ポジションだが、米中対立激化で米系装置メーカー（AMAT・ラム）への部材供給と中国系メーカー向け供給の両立が困難になるシナリオが存在する。両エクスポージャーの感応度が IR で十分整理されていない。,2026-05-22T10:00:00+09:00
26,2270,中国子会社 USCi 上場後の本体への利益配分構造,,中国子会社の現地上場で資金調達余力は増したが、本体への利益還流ルートと配当方針の透明度が低い。連結利益への寄与度がどう変化するかの議論が IR から不足。,2026-05-22T10:00:00+09:00
27,2270,PER 12.4 倍：中国エクスポージャーへの市場ディスカウントが妥当かどうか,,売上成長 19.8% に対して PER 12 倍は同業比でディスカウント水準。中国エクスポージャーリスクのディスカウントが過剰か、合理か、市場参加者で評価が分かれている。,2026-05-22T10:00:00+09:00
28,2201,AI 半導体高速 I/O 試験：通信計測器が半導体テストの周辺領域を取り込みつつある,,GPU・HBM・光トランシーバー向け高速信号試験はアドバンテスト型のロジックテスタとは別に、通信計測器系の測定機が活躍する領域。アンリツがこの領域でアドバンテストと競合補完する関係性が IR で十分整理されていない。,2026-05-22T10:00:00+09:00
29,2201,5G から 6G 投資への踊り場長期化リスク,,5G 設備投資はピークアウト、6G の本格立ち上がりは 2028 年以降と見られる。踊り場期間の業績低空飛行が長期化するリスクが市場で過小評価されている。,2026-05-22T10:00:00+09:00
30,2201,PQA（食品安全）事業の連結評価圧迫,,PQA セグメントは安定収益源だが営業利益率 8% 台で計測事業の利益率を引き下げる。カーブアウトや事業再編の議論が IR から不足。,2026-05-22T10:00:00+09:00
31,2183,車載在庫調整の『出口』はディストリビューター在庫より Tier1 直販比率に先に出る,,車載半導体の回復シグナルとして市場はディストリビューター在庫週数を追うが、ルネサスは Tier1 への直販比率が高く、回復局面では直販受注の戻りが先行する構造。販路別の受注開示が四半期ごとに揃っておらず、回復の初動を市場が遅れて織り込む可能性がある。,2026-06-10T19:00:00+09:00
32,2183,Dialog・Altium 買収のクロスセル効果が IR で定量化されていない,,アナログ（Dialog）と設計ツール（Altium）の買収により『MCU＋アナログ＋設計環境』のセット提案が可能になったが、クロスセルによる追加売上・解約率の変化が開示されていない。買収額合計 1 兆円超に対する回収進捗を検証する材料が不足しており、のれん減損リスクの評価が難しい。,2026-06-10T19:00:00+09:00
33,2183,中国ローカル MCU の台頭は民生から車載へ、単価下落の時間差侵食,,中国の MCU 新興勢は民生・家電向けで急速にシェアを取り、単価下落が先行している。32bit 車載 MCU は認証障壁が高く即座の代替は起きないが、中国系 OEM の現地調達方針が強まると、中国売上 23% の構成が単価・数量の両面で侵食されるリスクが中期的に積み上がる。,2026-06-10T19:00:00+09:00
34,682,PBR 0.7 倍は『九州新工場の償却先行』をどこまで織り込んだ水準か,,佐賀・伊万里の 300mm 新工場投資は減価償却が利益に先行して乗る構造で、市況底とのダブルパンチが現在の低 ROE の主因。償却負担のピークアウト時期と市況回復が重なる場合、利益の戻りは市場予想より急になる。設備投資の回収カーブの開示が粗く、ここに認識ギャップがある。,2026-06-10T19:00:00+09:00
35,682,LTA（長期契約）の価格改定が 2026–27 年に集中、スポット価格との乖離が表面化する,,コロナ後の逼迫期に締結した LTA の更改時期が 2026–27 年に集中する。足元のスポットウェハ価格は LTA 価格を下回っており、更改時の価格リセットが売上単価を段階的に押し下げるリスクがある。一方で AI 向け先端ウェハ（エピ付き）はプレミアム維持の余地があり、ミックス開示の充実が評価の鍵。,2026-06-10T19:00:00+09:00
36,682,中国ウェハメーカーの 300mm 量産は『レガシー専用』のうちに収まるか,,中国勢の 300mm ウェハ量産能力は急拡大しているが、品質要求の緩い成熟ノード向けに留まる。問題は中国国内ファブの装置・材料国産化方針により、SUMCO の中国売上 14% が構造的に置き換わるシナリオ。先端用途での参入障壁（欠陥密度・平坦度）は依然高いが、レガシー側の数量喪失は価格競争を激化させる。,2026-06-10T19:00:00+09:00
37,2704,EUV ブランクス独占の持続性：AGC の追い上げと『歩留まり格差』の実態,,EUV マスクブランクスは HOYA がほぼ独占し AGC が第 2 供給者の地位を狙う構図が続く。参入障壁の本体は低欠陥率の歩留まりにあり、Hi-NA 世代では要求がさらに上がるため格差はむしろ開く可能性がある。一方で顧客側（ファウンドリ・マスクメーカー）はデュアルソース化圧力を強めており、独占利益率の天井が政策的に抑えられるリスクは残る。,2026-06-10T19:00:00+09:00
38,2704,複合企業ディスカウントの逆転：ライフケアの安定が半導体価値をプレミアム化している,,通常、複合企業はディスカウント評価されるが、HOYA はライフケアの安定キャッシュフローが半導体側の変動を吸収するため、半導体専業よりも高い PER を許容されてきた。この『逆コングロマリットプレミアム』は金利上昇局面で剥落しやすく、PER 35 倍の持続条件としてライフケアの利益率維持が思いのほか重要。,2026-06-10T19:00:00+09:00
39,2704,HDD ガラス基板はニアライン HDD 投資の遅行受益、SSD 代替論の再燃が逆風,,データセンタのニアラインストレージ投資回復で HDD 用ガラス基板の数量が戻る局面。ただし QLC SSD の大容量化・価格下落が想定より速い場合、HDD の中期需要曲線そのものが下振れる。基板はガラス比率上昇（アルミからの置換）という独自ドライバを持つため、HDD 台数減少とガラス化進行の綱引きの開示が不足している。,2026-06-10T19:00:00+09:00
40,2084,中国売上 35% の規制感応度は TEL より一段高い構造,,バッチ式成膜装置は中国の成熟ノード投資との親和性が高く、中国売上比率が WFE 大手の中でも突出している。米輸出規制の適用範囲が成熟ノード向け装置まで拡大するシナリオでは、売上への直撃度が TEL・SCREEN より大きい。規制ニュースに対する株価ベータの高さはこの構造の反映であり、中国比率の段階的な引き下げ計画の有無が中期評価を分ける。,2026-06-10T19:00:00+09:00
41,2084,NAND 300 層超で成膜工程は線形以上に増えるが、単価競争も同時に始まる,,NAND の積層数が 300 層を超える世代では成膜・エッチングの工程数が非線形に増加し、装置需要の構造的拡大が見込まれる。ただし高アスペクト比成膜ではラムリサーチが対抗装置を強化しており、寡占が崩れると数量増を単価下落が相殺する展開もありうる。受注の数量・単価分解の開示が乏しく、成長の質を外部から検証しにくい。,2026-06-10T19:00:00+09:00
42,2084,KKR 売出し後の需給オーバーハングは解消したか：浮動株比率の変化を追う,,再上場後、旧親会社系ファンドの段階的売出しが株価の上値を抑えてきた経緯がある。売出しの完了状況と浮動株比率の変化は、ファンダメンタルズと無関係に株価のレンジを決める要因として残る。指数組入れ（TOPIX ウェイト見直し等）のイベントと重なるタイミングが需給の転換点になりやすい。,2026-06-10T19:00:00+09:00
43,1005,『インテル依存』からの脱却度合いが開示から読み取れない,,イビデンの FC-BGA はインテル向けで育った歴史があり、同社の設備投資計画の振れに業績が振り回されてきた。AI 向け顧客（GPU・カスタム ASIC 勢）への多角化が進んでいるとされるが、顧客別構成の開示はなく、脱インテル依存の進捗を外部から定量検証できない。インテルのファウンドリ戦略迷走が続く中、この開示不足はディスカウント要因。,2026-06-10T19:00:00+09:00
44,1005,減価償却ピークと AI 基板単価の交点：2027 年の利益カーブが評価の分水嶺,,河間・大野の新工場償却が 2026–27 年にピークを迎える一方、AI 向け大型基板は単価が従来品の数倍。償却負担を単価ミックスが上回る交点がいつ来るかで、PER の見え方が劇的に変わる。会社計画は保守的な償却前提を置いている可能性があり、上振れ余地と下振れ材料（歩留まり立ち上げ遅延）が同居する。,2026-06-10T19:00:00+09:00
45,1005,ガラスコア基板への技術転換は中期の地殻変動リスク,,業界ではビルドアップ樹脂基板からガラスコア基板への転換ロードマップが語られ始めている。ガラス化が本格化すると、既存の樹脂基板での競争優位（微細配線・多層化技術）の一部がリセットされ、ガラス加工に強い新規参入者（や HOYA・AGC のような素材勢）との競争構造に変わりうる。イビデンのガラスコア対応の開発進捗は IR でほぼ語られていない。,2026-06-10T19:00:00+09:00
46,2697,プローバは『テスタの影』で語られるが、HBM の KGD 要求で独自の成長カーブを持つ,,市場はテスト需要をアドバンテストのテスタ売上で代理観測するが、HBM のような積層デバイスでは KGD（Known Good Die：積層前の良品保証）要求が強まり、プローバの稼働工程はテスタとは別の伸び方をする。プローバ首位の東京精密はこの構造変化の直接受益者だが、時価総額が小さく証券会社のカバレッジも薄いため、織り込みが遅行しやすい。,2026-06-10T19:00:00+09:00
47,2697,ディスコとの比較で見える『消耗品比率』の差が利益率の質の差,,同じ後工程装置でも、ディスコはブレード等の消耗品が収益の安定層を形成するのに対し、東京精密は装置売り切りの比重が高く、サイクル下降局面の利益率耐性で見劣りする。営業利益率 17.8% 対ディスコ 38% の差は技術力だけでなくビジネスモデル構造の差であり、消耗品・サービス比率を高める施策の有無が長期評価の論点。,2026-06-10T19:00:00+09:00
48,2697,計測機器事業の分離価値：コングロマリットディスカウントか相互補完か,,三次元測定機は国内では高シェアだが半導体装置とのシナジーは限定的で、SOTP（部門別評価）では分離した方が高く評価される可能性がある。一方で半導体不況期に計測が下支えしてきた歴史も事実。アクティビストの保有が観測される局面では事業ポートフォリオ再編が株価材料になりやすい。,2026-06-10T19:00:00+09:00
49,1058,EUV レジストの次の戦争は『メタル系・乾式』への世代交代で再戦になる,,化学増幅型レジストで築いた現在の地位は、メタルオキサイドレジスト（Inpria 系）やラムリサーチの乾式レジスト（dry resist）が Hi-NA 世代で採用された場合に再戦を強いられる。TOK は次世代材料の開発状況をほぼ開示しておらず、現行 EUV レジストの優位が次世代に持ち越せるかは外部から判断できない。材料の世代交代は装置より静かに、しかし不可逆に起きる。,2026-06-10T19:00:00+09:00
50,1058,『装置と同じサイクル株』扱いされるバリュエーションの歪み,,レジストはウェハ投入量（生産量）連動であり、設備投資（WFE）連動の装置株より業績の振れが小さい。それにもかかわらず株価は SOX 指数と高相関で売買され、装置株と同じ振幅で動く傾向がある。この『ビジネスモデルと株価ボラティリティの不一致』は、装置株の調整局面でレジスト株を仕込む逆張り機会の源泉になってきた。,2026-06-10T19:00:00+09:00
51,1058,JSR 非公開化後、『残された上場レジスト大手』としての希少性と再編可能性,,レジスト世界大手の一角だった JSR が産業革新投資機構（JIC）傘下で非公開化されたことで、レジスト専業に近い上場大手は TOK・信越（事業の一部）に絞られた。国策ファンドによる材料産業の再編が続くシナリオでは、TOK 自身が再編の対象（買収プレミアム）になる可能性が市場で意識されやすく、下値を支える要因として機能している。,2026-06-10T19:00:00+09:00
52,966,石化分離の実行速度が『化学→半導体材料』の評価替えの鍵,,会社は石油化学事業の分離・JV 化を掲げており、実現すれば売上構成に占める半導体・電子材料比率が一気に高まる。SOTP（部門別評価）では半導体材料部門に化学平均を大きく上回るマルチプルが付く余地があり、分離の発表・実行が評価替えのトリガーになる。逆に市況悪化で分離交渉が停滞すると、複合企業ディスカウントが長期化する。,2026-06-10T19:00:00+09:00
53,966,AI パッケージ（CoWoS 系）材料での実質シェアが開示から見えない,,後工程材料は品目が多岐にわたり（スラリー・封止材・ダイボンディングフィルム等）、AI 先端パッケージ向けの実質的な中身・シェアが外部から検証できない。『AI 関連売上』の定義も各社バラバラで、レゾナックの後工程材料の競争力を定量比較する材料が不足。開示の解像度が上がるだけで再評価される余地がある。,2026-06-10T19:00:00+09:00
54,966,日立化成買収で膨らんだ有利子負債が金利上昇局面の重石,,"旧日立化成の買収（約 9,600 億円）で積み上がった有利子負債は、低金利前提では問題化しなかったが、金利上昇局面では利払い負担と財務制限条項が資本政策（増配・自社株買い・成長投資）の自由度を縛る。石化分離による負債圧縮が財務面でも転換点になる構造で、分離の成否に評価が二重に依存している。",2026-06-10T19:00:00+09:00
55,1250,VYVANSE 後発品参入後の収益力低下が市場予想を上回る可能性,,"ADHD 治療薬 VYVANSE は 2023 年から米国で後発品参入が本格化。2025/3 期は売上 18% 減収だが、26/3 期はさらに 25% 程度減収する見通し。IR は新規パイプライン（TAK-861, TAK-279）で吸収可能と説明するが、上市タイミングのラグが大きく、2026-27 年度の業績は市場予想を下回る可能性。",2026-05-22T10:00:00+09:00
56,1250,TAK-861（オレキシン作動薬）のナルコレプシー第 3 相成功確度,,次の柱として最重要のオレキシン作動薬 TAK-861。前段の TAK-994 は肝障害で中止になっており、TAK-861 の安全性プロファイル次第で武田の中期業績見通しが大きく変わる。第 3 相結果は 2026 年後半が予定。IR では成功前提の説明が中心で、失敗時の感応度の議論が薄い。,2026-05-22T10:00:00+09:00
57,1250,有利子負債削減の優先順位と研究開発投資のトレードオフ,,シャイアー買収以降、有利子負債削減を最重要 KPI として運用。一方で、メガファーマ世界平均 R&D 比率 20% に対し武田は 16% 台で、長期競争力への影響が論点。負債削減完了後（2027 年予定）の R&D 比率引き上げ計画が IR で明示されていない。,2026-05-22T10:00:00+09:00
58,1283,エンハーツ単剤依存度の高さと、AstraZeneca とのアライアンス利益配分,,エンハーツが連結売上の 36% を占める単剤依存構造。AstraZeneca とのプロフィットシェア契約により、エンハーツ売上のうち実質取り分は約 50%。エンハーツに何かあった場合の感応度が極めて高く、IR では他 ADC（DXd プラットフォーム）の進捗で代替性を強調するが、単剤集中リスクの定量議論が浅い。,2026-05-22T10:00:00+09:00
59,1283,新 ADC 3 剤の上市タイミング：商業的成功確率の織り込み,,DS-7300（TROP2-ADC）、DS-6051（HER3-ADC）、DS-8401（HER2-DXd 次世代）の 3 剤が 2025-2027 年に上市予定。エンハーツに続くブロックバスター候補だが、競合（Gilead、Pfizer）も同領域に参入。エンハーツ並みの売上を全 3 剤で達成する前提が市場で過大に織り込まれている可能性。,2026-05-22T10:00:00+09:00
60,1283,PER 38 倍の前提：R&D の継続的成功 + 米国薬価規制の織り込み不足,,PER 38 倍はメガファーマ世界平均 18 倍を大きく上回り、新薬パイプライン 100% 成功を織り込むレベル。一方で米国 IRA（薬価交渉対象拡大）の影響、エンハーツ含む既存品の特許切れタイミング（2030 年代前半〜）への対応議論は IR で薄い。,2026-05-22T10:00:00+09:00
61,1251,イクスタンジ売上ピーク（2027 年）後の崖、後継品の規模感,,"イクスタンジは 2027-28 年に米国・欧州で物質特許切れ。後継候補のパドセブは順調だが、イクスタンジ売上 7,800 億円を単独で代替する規模ではない。ベオーザ（更年期）は適応症が新規で立ち上がりが想定より遅延中、ファースト・イン・クラスのプロモーション負担が利益率を圧迫。",2026-05-22T10:00:00+09:00
62,1251,アイベリックバイオ買収（2023）の減損リスク,,"2023 年に約 8,000 億円で買収したアイベリックバイオ。主力 IZERVAY（地図状萎縮治療薬）の売上が計画比未達で、買収時に計上したのれん約 5,000 億円の減損圧力が継続。減損が発生した場合、2026/3 期の最終利益に大きな影響。",2026-05-22T10:00:00+09:00
63,1251,Primary Focus 戦略の選択と集中の進捗,,コア領域 5 つに資源集中する『Primary Focus』戦略を 2023 年から実行中だが、進捗開示が定性的。非コア領域の撤退・売却計画の具体が IR で見えにくく、構造改革のスピード感が市場の織り込みと乖離している可能性。,2026-05-22T10:00:00+09:00
64,1258,レカネマブの患者数拡大ペースが市場予想より遅い背景,,"レカネマブ（LEQEMBI）の米国売上は 2025/3 期で 1,200 億円相当、市場予想（2,000 億円超）を大きく下回る。理由は MRI 設備整備の遅れ、ARIA（脳浮腫）副作用への医師警戒、保険償還の不透明性。IR では年次ガイダンスが連続下方修正されており、患者数拡大ペースの本格回復タイミングが不透明。",2026-05-22T10:00:00+09:00
65,1258,Biogen との利益配分の不透明性,,レカネマブは Biogen と 50:50 のプロフィットシェアだが、開発費は事実上エーザイがリード。利益局面でのシェア配分構造、特に Biogen 経営難（ADUHELM 失敗の影響継続）でアライアンス見直しが起きた場合の影響が IR で明示されていない。,2026-05-22T10:00:00+09:00
66,1258,レンビマ独占特許切れ（2028 年予定）への準備,,現在の利益柱レンビマは 2028 年に米国・欧州で物質特許切れ。レカネマブの本格拡大がそれまでに進まないと、業績は大きな崖を迎える。IR でこの『パテントクリフ』のタイミングと感応度の説明が薄い。,2026-05-22T10:00:00+09:00
67,1256,Roche グループとの利益配分構造の経営自由度への影響,,中外の海外売上のほぼ全ては Roche グループ経由で、利益配分はアライアンス契約による。グループ依存度が高い構造で、長期的に Roche 戦略の影響を直接受ける。一方で R&D 投資の効率は高く、独自パイプラインの自社販売余地もあり、この緊張関係の議論が IR で抽象的。,2026-05-22T10:00:00+09:00
68,1256,ヘムライブラ後の海外ロイヤルティの次の柱,,現在の海外ロイヤルティ売上の中核はヘムライブラ（血友病）、エンスプリング（視神経脊髄炎）。次世代の大型化候補としては、抗体改変技術 Recycling Antibody / Sweeping Antibody から派生する新規分子があるが、上市タイミングが 2028 年以降。間の踊り場期間の業績モメンタムが論点。,2026-05-22T10:00:00+09:00
69,1256,PBR 5.4 倍 / ROE 19.4% の維持可能性,,国内製薬で最高水準の収益性は、Roche グループの規模を背景とした R&D 効率と海外ロイヤルティ依存に支えられる。バイオシミラー競合の本格化と Roche のグローバル戦略次第で、現在の高水準が長期維持できるかは不確実。,2026-05-22T10:00:00+09:00
70,1253,HIV ロイヤルティの長期持続性：ViiV / GSK ジェネリック影響,,海外ロイヤルティの大半は ViiV（GSK 子会社）の HIV 治療薬。ドルテグラビル（Tivicay 等）の物質特許は 2027 年に米国で切れ、ジェネリック参入で塩野義のロイヤルティ収入が大幅減少する可能性。IR ではこの感応度の説明が薄い。,2026-05-22T10:00:00+09:00
71,1253,次世代パイプラインの規模感,,"次の柱候補として、自社開発の S-892216（感染症長期作用型）、S-005151（中枢神経）など。いずれも 2027-29 年上市予定だが、ピーク売上想定が現在の HIV ロイヤルティ規模（年 1,500 億円超）に届く前提が市場に共有されていない。",2026-05-22T10:00:00+09:00
72,1253,PER 11 倍の割安感は『HIV ロイヤルティ崖』を半分織り込んだ水準か,,PER 11.4 倍は国内大手平均 18 倍を 37% 下回り、配当利回り 3.4%。割安にも見えるが、HIV ロイヤルティの 2027 年以降の崖を半分織り込んだ水準とも解釈できる。次世代パイプライン進捗次第で再評価余地。,2026-05-22T10:00:00+09:00
73,1269,TIS 領域での Boston Scientific・Medtronic との競合状況,,TIS（経カテーテル）市場は Boston Scientific・Medtronic との競合が激しく、テルモはアジア市場で優位、欧米では追う立場。次世代血管内デバイス（薬剤溶出ステント、IVUS 等）の上市タイミング次第でシェア構造が変動。,2026-05-22T10:00:00+09:00
74,1269,中国 VBP（集中購買）の医療機器への波及,,中国は医療機器でも『集中購買（VBP）』を医薬品に続いて拡大中。輸血関連機器・カテーテル・糖尿病ケアの中国市場シェアが価格圧縮で利益率を圧迫する可能性。中国売上比率の開示が概況のみで詳細不足。,2026-05-22T10:00:00+09:00
75,1269,輸血ビジネスの長期構造変化：献血代替技術の影響,,"再生医療・遺伝子治療の進展で、長期的に従来輸血の需要が縮小する可能性。テルモの血液・細胞テクノロジー事業は売上 2,300 億円規模で、構造変化の感応度議論が IR で薄い。",2026-05-22T10:00:00+09:00
76,1438,バイオ CDMO 投資の回収タイミング,,"バイオ CDMO 事業は累計 3,500 億円超の設備投資を実施中（米国デンマーク等）。減価償却負担と稼働率立ち上がりのタイムラグで、利益率の本格回復は 2027 年度以降の見通し。CDMO 市場の世界的競合（Lonza、Samsung Biologics、WuXi Biologics）との比較感応度が IR で薄い。",2026-05-22T10:00:00+09:00
77,1438,印刷事業（ビジネスイノベーション）の縮小と再編,,売上 28% を占める印刷事業は構造的縮小領域。Xerox 統合後の再編進捗が IR で具体性に欠ける。カーブアウトや事業売却の選択肢が明示されておらず、ヘルスケア中心への転換が遅れて見える。,2026-05-22T10:00:00+09:00
78,1438,WuXi 規制の追い風がどこまで CDMO 受注に効くか,,米国 BIOSECURE 法案で中国系 CDMO（WuXi 等）への米国製薬の依存が制限される動き。富士フイルム CDMO への顧客シフトの可能性があるが、具体的受注ニュースは限定的。本格寄与は 2027 年以降か。,2026-05-22T10:00:00+09:00
79,1213,Bill One 黒字化タイミングと営業利益への寄与,,Bill One は売上比率 20% まで成長したが、営業利益はまだマイナス。先行投資型の典型的な SaaS パターンで、黒字化タイミングが連結業績に直結する。IR の中期計画では 2027 年度の黒字化を示唆しているが、想定マーケティング費の継続性と新規顧客獲得の鈍化リスクが論点。,2026-05-22T10:00:00+09:00
80,1213,Contract One の本格立ち上がりが見えない,,契約管理 SaaS は LegalForce（非上場）と競合。Sansan の名刺管理顧客との購入連動（クロスセル）が想定通りに進めば成長余地大きいが、現状の売上比率は 5% 未満で、IR の説明も抽象度高い。Contract One の MRR 成長率の四半期開示が乏しく、投資家の見立てがしにくい。,2026-05-22T10:00:00+09:00
81,1213,AI 機能の課金モデルが従来 SaaS のフラット契約と相性悪い可能性,,生成 AI を活用した名刺解析・契約書要約・営業履歴の自動入力等を順次リリース中だが、AI API のコスト変動を顧客課金にどう転嫁するかが見えない。フラット価格を維持すると粗利率圧縮、従量課金に移行すると顧客抵抗。SaaS 業界共通の論点だが、Sansan の解の説明が不足。,2026-05-22T10:00:00+09:00
82,962,Money Forward Business の解約率（チャーン）の改善ペースが見えにくい,,中小企業向け SaaS のチャーンレートは事業の継続性を測る最重要指標だが、Money Forward の四半期開示では絶対値の開示が抽象的。中堅企業向けで業績好調と説明する一方、小規模企業向けで解約懸念があるとの市場の見方もある。セグメント別チャーン開示の精緻化が論点。,2026-05-22T10:00:00+09:00
83,962,海外展開（インドネシア・ベトナム）の損益寄与タイミング,,Money Forward X セグメントは売上比率 8% で営業利益率 -22%。先行投資の典型例だが、現地法人の規模感・解約率・粗利率の開示が乏しい。本国市場の成長鈍化リスクに対するヘッジとして注目されるが、本格寄与は 2028 年以降の見通し。,2026-05-22T10:00:00+09:00
84,962,PER 125 倍は『将来の高営業利益率』を強く織り込んでいる,,現状の営業利益率 3% に対し PER 125 倍は、長期で営業利益率 25-30% に到達する前提を織り込むレベル。米系大手 SaaS（Salesforce、Workday）の成熟期利益率と比較すれば達成可能だが、競合 freee との価格競争激化、AI コスト転嫁の難しさ、海外展開コストが圧迫要因。,2026-05-22T10:00:00+09:00
85,1231,黒字化タイミングの開示が抽象的,,営業利益は四半期ごとに赤字幅が縮小しており、2026/6 期に通期黒字化を IR は示唆。ただし広告宣伝費の継続的圧縮を前提としており、新規顧客獲得ペースが鈍化するリスクが論点。スモールビジネス市場の飽和度を IR で十分議論できていない。,2026-05-22T10:00:00+09:00
86,1231,Money Forward との価格競争激化リスク,,両社とも『スモールビジネス→中堅企業』への顧客拡大を狙うが、freee はスモール特化、MF は中堅以上に重心移動。互いの顧客層侵食で価格競争激化が懸念される。割引率・キャンペーン頻度の四半期トレンドが IR から見えにくい。,2026-05-22T10:00:00+09:00
87,1231,金融サービス（カード・融資仲介）の戦略的位置づけ,,金融サービス事業は売上比率 8%、まだ赤字。会計データに基づく与信や決済プラットフォーム展開を狙うが、AmazonEpic（米）等の海外モデルに比べ、規制・パートナー網の整備に時間がかかる。中期戦略における優先度の開示が抽象的。,2026-05-22T10:00:00+09:00
88,911,電帳法・インボイス需要のピークアウトタイミング,,2023-2024 年のインボイス制度開始、2024 年の電子帳簿保存法義務化で『楽楽明細』需要が急増。これらの法改正起因の特需は 2026-27 年にピークアウトする可能性。次の需要ドライバの説明が IR でやや薄い。AI 自動仕訳・経費判定の差別化が論点。,2026-05-22T10:00:00+09:00
89,911,営業利益率 22% は SaaS としては卓越、維持可能性が論点,,SaaS 国内ピアの freee・MF は赤字／薄利、Sansan で 12%、HENNGE で 18%。ラクスの 22% は卓越した水準だが、競合（マネーフォワード経費、SAP Concur、Bill One 等）の本格参入で広告宣伝費が増えれば利益率は圧迫される。維持可能性の質的議論が IR で不足。,2026-05-22T10:00:00+09:00
90,911,PBR 14 倍に内包される ROE 28% の継続性,,ROE 28% は卓越した水準だが、SaaS 企業の急成長期に共通する構造で、成熟期に向かうにつれ ROE は自然に低下する。PBR 14 倍は現状の ROE が長期維持される前提。成長率 24% の鈍化開始時点で PBR は再評価される可能性。,2026-05-22T10:00:00+09:00
91,1228,Microsoft 純正セキュリティ機能との競合関係,,Microsoft 365 E5 ライセンスに付帯するセキュリティ機能（Defender for Office 365、Entra 認証等）が年々強化されている。HENNGE は日本固有の脱 PPAP 要件への対応で差別化するが、Microsoft 純正で代替可能になる範囲が広がるリスクが論点。製品ロードマップの差別化シナリオ説明が IR で薄い。,2026-05-22T10:00:00+09:00
92,1228,東南アジア展開の規模感が見えない,,海外売上比率は 4% で、東南アジア（タイ、ベトナム）展開を強化中だが、現地法人の人員数・顧客数・粗利率の開示が乏しい。本国市場の成長鈍化リスクへのヘッジとして注目されるが、本格寄与のタイミングが不明。,2026-05-22T10:00:00+09:00
93,1228,AI 活用したセキュリティ機能の競合状況,,AI を活用したフィッシング検知・異常通信検知が業界標準化しつつあり、米系セキュリティ大手（Proofpoint、Mimecast、Abnormal Security）が日本市場に本格参入する場合の競合構造の変化が論点。HENNGE の AI 機能ロードマップが IR で抽象的。,2026-05-22T10:00:00+09:00
94,1218,Chatwork 単体の成熟化と Slack・Teams の浸透圧,,Chatwork は中小特化で日本市場の独自ポジションを維持してきたが、Microsoft Teams が Microsoft 365 と組み合わせて中小市場にも浸透。新規顧客獲得ペースは鈍化傾向。MAU・解約率の四半期開示が必要。,2026-05-22T10:00:00+09:00
95,1218,kubell BPaaS の事業モデルとマージンの不透明性,,AI＋人手の BPO サービスは原価構造（人件費）が SaaS とは大きく異なる。営業利益率を SaaS 並みの 20% 超に持っていけるかは不透明。本格寄与は 2027 年以降の見通しだが、IR の数字根拠が抽象的。,2026-05-22T10:00:00+09:00
96,1218,PER 28 倍は『緩やかな成長 + BPO 拡張』の織り込みが甘い可能性,,Chatwork 成熟化が進む中、PER 28 倍は SaaS 業界平均 55 倍を大幅に下回る。BPO 拡張が成功すれば再評価余地、失敗すれば現水準も割高。両シナリオの感応度説明が IR で薄い。,2026-05-22T10:00:00+09:00
97,2437,HEV の世界優位は『EV 移行ペース次第』だが、市場はこの感応度を過小評価している,,トヨタの HEV 世界シェアは 50% 超で、ICE 規制が厳しくなる 2030 年代までキャッシュフローを支える主力。EV 普及スピードが想定より緩い場合（特に新興国・北米南部）、トヨタの HEV 優位はさらに長期化する。逆に充電インフラ整備が一気に進めば、過去 5 年積み上げた HEV 開発投資が機会損失化するリスクも併存。市場のコンセンサスは『EV 移行は線形に進む』前提だが、地域差は大きく、トヨタの収益は地域別 EV 化スピードに対して非線形に感応する。,2026-05-22T10:00:00+09:00
98,2437,中国市場の構造変化：BYD・吉利との競合で『高価格帯』への撤退戦略が見え始めた,,中国販売台数は 2 年連続減少、現地メーカー（BYD・吉利）の急速台頭で価格競争激化。トヨタは中位車種の撤退・高価格帯（Lexus 含む）への集中を進めており、台数より単価で稼ぐ構造に移行中。中国売上比率 17% の絶対値より、利益貢献の質的低下が長期論点。,2026-05-22T10:00:00+09:00
99,2437,ソフトウェアファースト（Arene）戦略の実装速度がテスラとの差別化を決める,,次世代車載 OS『Arene』を 2026 年から本格展開、OTA アップデート・ADAS・コネクテッドサービスを統合。テスラ／中国 NEV との差は『ハードウェア優位』だけでは縮まらず、車両を売り切った後のソフトウェア収益（サブスク）が新収益柱になるか。Arene 搭載車種展開ペースが投資家最重要 KPI に。,2026-05-22T10:00:00+09:00
100,2473,二輪事業の利益率 17.8% は『隠れた優良事業』だが投資家の評価は四輪に引きずられている,,"二輪は世界首位（年 2,000 万台）で利益率 17.8% の高収益事業。四輪（4.2%）・金融（14.5%）と組み合わせると会社全体は 6.8% に均されるが、セグメント別評価をすれば二輪だけで時価総額の 30-40% に相当する価値がある。市場はホンダを『四輪 OEM』として評価しているため、二輪の超過収益が織り込まれていない可能性。",2026-05-22T10:00:00+09:00
101,2473,日産との戦略提携（2025）：EV プラットフォーム共通化のスピードが鍵,,2025 年に成立した日産との EV プラットフォーム共通化提携は、ホンダ単独の EV 投資負担を 30-40% 削減する可能性。ただし共同開発の意思決定スピードが両社のカルチャー差で遅れるリスクは現実的。共通化第一弾の量産時期（2027 想定）が予定通りか、半年以上遅延するかで EV 戦略の競争力が大きく変わる。,2026-05-22T10:00:00+09:00
102,2473,AFEELA（SONY 合弁）の販売立ち上がりが『プレミアム EV』戦略の試金石,,"AFEELA 1 号機は 2026 年北米先行発売、車両価格 1,000 万円超のプレミアム EV 戦略。台数より単価・ブランド力で勝負する設計だが、テスラ Model S・ルシッド・ベンツ EQS との真っ向勝負。初年度販売台数（想定 1-2 万台）の達成可否が、プレミアム EV 戦略の評価を決める。",2026-05-22T10:00:00+09:00
103,2435,PBR 0.32 倍は『純資産割れ』を意味し、解散価値を市場が信用していないシグナル,,"簿価純資産に対して株価が 1/3 という水準は、市場が『将来キャッシュフローでこの簿価を回収できない』と判断していることを意味する。主因は北米事業の収益力低下とブランド毀損。ホンダ提携・コスト削減（人員削減 9,000 人含む）が想定通り進めば PBR 0.5-0.7 倍までの戻りは想定可能。",2026-05-22T10:00:00+09:00
104,2435,ホンダ提携の経済合理性：EV 投資負担を共有することで構造的に黒字化できる,,"EV プラットフォーム共通化で 1 車種あたり開発費を 30-40% 削減可能。日産単独では 1,000 億円超だった次世代 EV プラットフォーム開発を 600-700 億円に圧縮できれば、EV 事業の損益分岐点が大きく下がる。提携実行のスピード（共同 EV 量産 2027 想定）が経営評価の分水嶺。",2026-05-22T10:00:00+09:00
105,2435,中国市場の縮小は『撤退戦略』が必要なフェーズに入っている可能性,,2024 年中国販売台数は前年比 -28%、合弁会社（東風日産）の稼働率も 50% 割れ。日産は中国市場での縮小・撤退戦略にシフトする可能性が高い。撤退に伴う特別損失（数千億円）の計上タイミングが、業績見通しの大きな不確実性。,2026-05-22T10:00:00+09:00
106,2474,インド経済成長率に対する売上感応度が他社より圧倒的に高い『隠れインド株』,,売上構成のインド比率 48% は OEM 中最大。インド GDP 成長率 +1% に対し、スズキ売上は約 +1.5% 感応する構造（中間層拡大による新車購入加速）。日本国内軽自動車市場の縮小をインドで完全に補い、なお余りある。インド株 ETF（NIFTY 50）との連動性が高まりつつあり、『インドへの実質エクスポージャー』として再評価されつつある。,2026-05-22T10:00:00+09:00
107,2474,EV 戦略の遅れは『インド市場のフェーズ』を考えれば実は問題ではない,,スズキは BEV ラインアップを 2025 年から順次投入予定だが、業界の他社より遅い。ただしインド市場の EV 化スピードは欧米より 5-10 年遅く、充電インフラもまだ希薄。スズキの優位性（軽量・低コスト ICE）はインドでは 2030 年代まで通用する可能性が高い。EV 移行が遅れること自体がスズキの収益にとってはむしろプラス。,2026-05-22T10:00:00+09:00
108,2474,トヨタからの HEV 技術供与で『脱炭素圧力』も乗り越える仕組み,,2024 年からトヨタの HEV 技術を OEM 供与で受け入れ、スズキ車として販売（フロンクス HEV 等）。インド政府の燃費規制強化に対応するため、スズキ独自開発より速くスケールできる。トヨタとの資本提携を背景にした技術連携は、規制リスク・技術リスク両面で重要な保険となっている。,2026-05-22T10:00:00+09:00
109,2475,為替感応度（USD/JPY ベータ 2.18）は OEM 中最大、『円安レバレッジ株』の代表,,売上の 70% が北米で発生、生産の 60% を日本国内で行うため、円安が即時に利益を押し上げる。USD/JPY 1 円円安あたり営業利益 +120 億円程度の感応度。逆に円高局面では同程度のマイナス。為替を株価予測の主要因として位置付けるべき銘柄。,2026-05-22T10:00:00+09:00
110,2475,アイサイト（運転支援）はテスラ・GM の ADAS 投資に対して相対的に陳腐化リスクあり,,アイサイトは長年の差別化要素だったが、テスラ FSD・GM Super Cruise などの ADAS は技術的に追いつき・追い越し始めた。スバルは独自開発を継続するが、開発費規模で大手に劣る。2030 年代に向けて ADAS 領域での競争力低下は構造的リスク。,2026-05-22T10:00:00+09:00
111,2475,EV 戦略はトヨタ依存からの脱却が 2027 年以降の評価分水嶺,,現状の EV（Solterra）はトヨタとの共同開発で本質的にトヨタ製。2027 年から投入予定の独自 EV プラットフォームが、スバルらしさ（AWD・運転体感）を維持できるかが分水嶺。技術差別化が薄ければ単なる『小規模 OEM』に分類され、市場評価が下がる可能性。,2026-05-22T10:00:00+09:00
112,2469,CX-90 の北米成功は『プレミアム志向シフト』の戦略転換が結実したシグナル,,"2023 年発売の CX-90 は北米で月販 5,000 台超、想定を大きく上回るペース。販売単価 5-6 万ドルのプレミアム帯への戦略転換が機能している証左。台数より単価で稼ぐ構造に移行することで、Tier 2 OEM ながら利益率改善余地がある。",2026-05-22T10:00:00+09:00
113,2469,ロータリーレンジエクステンダー戦略は『EV 移行期の橋渡し』として独自性が高い,,MX-30 R-EV にロータリーエンジンを発電機として搭載。充電インフラが未整備な地域で『EV 体験＋ロータリーで延長』というユニークな提案。新興国・北米南部などで EV インフラが追いつくまでの 5-10 年、ニッチを取れる可能性。,2026-05-22T10:00:00+09:00
114,2469,為替円安と北米シェア拡大の同時局面で、利益率の構造的改善期にある,,USD/JPY ベータ 1.92 で為替感応度が高く、円安局面では大幅な利益押し上げ。北米販売シェア拡大と組み合わさり、営業利益率の段階的改善（5.2% → 7-8% 目標）が現実味を帯びている。トヨタ提携で HEV 技術も活用、燃費規制対応もクリア。,2026-05-22T10:00:00+09:00
115,2275,電動化部品（インバータ・モーター）が次の収益柱、市場成長 +15% に対し +20% で伸びている,,デンソーの電動化部品売上は 2025/3 期で前年比 +20%、市場成長率 +15% を上回る。テスラ・BYD など中国 NEV 向け納入も拡大中。トヨタ向けだけでなく『世界 NEV シフトの裏方』として再評価が進む可能性。電動化部品の売上比率は 2025 年時点で 22%、2030 年 35-40% を目指す中期計画。,2026-05-22T10:00:00+09:00
116,2275,パワー半導体（SiC）内製化が完成すれば、Tier1 として『EV 競争の勝者』ポジション確立,,"2024 年から SiC パワー半導体の量産開始、ロームと並ぶ国内大手化。内製化により、EV インバータの調達コストと供給安定性で他 Tier1 に優位を確立。2027 年には SiC 売上 1,000 億円超を見込み、利益率もさらに上振れ余地。",2026-05-22T10:00:00+09:00
117,2275,トヨタ依存度 50% は『顧客集中リスク』だが、トヨタ HEV 優位が続けば安定収益,,デンソー売上の半分はトヨタグループ向け。これは集中リスクとして語られるが、トヨタ HEV の世界シェア優位が続けばむしろ安定収益の源泉。逆にトヨタの EV 戦略が大きく失速する場合、デンソーは直接的に巻き込まれる。,2026-05-22T10:00:00+09:00
118,2468,e-Axle 売上の立ち上がりペースが事業転換成功の最大の試金石,,"e-Axle（EV 駆動ユニット）は 2024 年量産開始、2025 年売上 1,000 億円台、2030 年 5,000 億円超を目指す。AT・CVT の需要減（年率 -5% 想定）を補えるかが事業転換成否を決める。中国 BYD・米テスラへの納入実績がカギ。",2026-05-22T10:00:00+09:00
119,2468,AT・CVT 事業の『減価償却完了済み』効果で短期収益はむしろ良化する局面,,AT・CVT の設備投資はピークを過ぎ、減価償却負担が軽減局面。短期 3-5 年は需要減でもキャッシュフローが改善する『収穫期』。長期の事業価値毀損リスクと短期キャッシュフローの良化は、評価が分かれる構造。,2026-05-22T10:00:00+09:00
120,2468,トヨタグループ内で『デンソー』と『アイシン』の評価ギャップは構造的に拡大している,,デンソー PER 14.8 倍 vs アイシン 11.5 倍。電動化部品（デンソー）と機構部品（アイシン）の事業構造の差が、評価倍率に明確に反映されている。アイシンが e-Axle で電動化部品メーカー的な評価を獲得できれば、ギャップ縮小の余地。,2026-05-22T10:00:00+09:00
121,2888,バフェット投資（保有比率 9% 超）が PER 評価の上限・下限の両方を動かしている,,バークシャー・ハサウェイは 2020 年以降 5 大商社株を保有、2024 年時点で三菱商事は 9% 超を保有。投資家心理に強い影響を与え、PER 12 倍水準を下支えする要因。ただし『バフェット買い増し・売却』のヘッドラインで株価が短期に動くため、ファンダメンタルズと乖離した値動きをすることも。10% を超えると追加開示・買い増し制限の論点も生じる。,2026-05-22T10:00:00+09:00
122,2888,ローソン非公開化（KDDI と共同保有）が『事業投資型』戦略の象徴,,2024 年に KDDI と共同でローソンを非公開化、TOB で保有比率を 50% 規模に。商社は『投資して育てる』事業モデルにシフト中で、ローソンは『リアル + デジタル』の融合実験場。投資回収サイクル 5-10 年で、短期的には収益貢献が見えにくいが、長期で再評価される可能性。,2026-05-22T10:00:00+09:00
123,2888,再エネ投資（洋上風力・水素）の収益化タイミングが次の評価分水嶺,,三菱商事は秋田・千葉・新潟で洋上風力 3 海域を落札、累計投資 1 兆円規模。発電開始は 2028-30 年で、それまでは投資先行で収益貢献なし。水素・アンモニア商流も同時進行で、再エネ・脱炭素関連の収益貢献タイミング次第で『次の収益柱』として再評価可能。,2026-05-22T10:00:00+09:00
124,2872,鉄鉱石市況に対する感応度が 5 大商社で最も高い『鉄鉱石株』,,金属資源セグメントが純利益の 40% 超を占め、鉄鉱石価格 1 ドル/トン変動で年間純利益 ±50 億円程度の感応度。中国不動産市場の縮小で鉄鉱石需要は中期的に弱含み、これが PER 11 倍水準のディスカウント要因。逆に中国景気回復・インド鋼材需要拡大が想定を上回ると即時上振れ余地。,2026-05-22T10:00:00+09:00
125,2872,ヘルスケア事業（IHH ヘルスケア 33% 保有）は『商社の事業投資成功例』,,シンガポール上場のアジア最大級病院グループ IHH ヘルスケアの 33% を保有、持分法利益として年間 200-300 億円規模を計上。アジアの中間層拡大によるヘルスケア需要拡大の恩恵を直接享受、商社の『事業投資型シフト』の代表例として評価。,2026-05-22T10:00:00+09:00
126,2872,LNG ポートフォリオは『脱炭素過渡期の最大の勝者』ポジション,,"三井物産は豪州・米国・カタール・モザンビーク等で LNG 権益を多数保有、年間取り扱い量 1,000 万トン超で世界トップクラス。脱炭素過渡期（2030-50 年）に天然ガス需要は構造的拡大、欧州ロシアエネルギー脱却の代替先としても重要。LNG 価格動向の業績寄与は鉄鉱石に次ぐ大きさ。",2026-05-22T10:00:00+09:00
127,2853,資源価格に対する『感応度の低さ』が PER 12.2 倍を正当化する構造的強み,,資源比率 20% 未満で 5 大商社最低、原油価格 1 バレル 10 ドル変動でも純利益への影響は ±50 億円程度。資源価格変動による収益振れが小さく、安定配当・安定 ROE を維持できる。市場は『非資源プレミアム』として PER に 1-2 倍程度の上乗せを織り込む。,2026-05-22T10:00:00+09:00
128,2853,ファミリーマート（保有 100%）の DX 戦略が『次の収益柱』として浮上,,2020 年に完全子会社化したファミリーマート（売上 3 兆円規模）の DX 戦略が本格化。Famipay・店舗 IT 化・データ収益化で『単なる小売』から『データプラットフォーム』への進化を狙う。短期では投資先行だが、5-10 年で再評価の余地。,2026-05-22T10:00:00+09:00
129,2853,中国 CITIC 提携（10% 出資）は『中国エクスポージャー』の二面性を持つ,,伊藤忠は中国 CITIC グループに 10% 出資、これが中国市場アクセスと地政学リスクの両面性を生む。米中対立深化局面では CITIC 関連の利益貢献が政治的に問題化するリスクも。逆に中国経済回復時には CITIC からの配当が安定収益に。,2026-05-22T10:00:00+09:00
130,2885,ROE 8.8% は 5 大商社で最低、構造改革の進捗が再評価のカギ,,住友商事の ROE 8.8% は伊藤忠 17.8%・三井 13.5%・三菱 12.2% に対して明確に劣後。過去のニッケル事業損失（Ambatovy 等）に加え、ポートフォリオ全体の収益効率が他社より低い。経営陣は事業ポートフォリオ見直しを継続中で、ROE 10% 超への回復が次の評価分水嶺。,2026-05-22T10:00:00+09:00
131,2885,J:COM の競争環境激化が『安定収益柱』にひずみを生んでいる,,J:COM はケーブルテレビ・通信事業で 5 大商社中で住友独自の収益柱だが、Netflix・Amazon Prime 等の動画配信で加入者数が縮小傾向。固定電話・固定インターネットの収益力も低下中で、メディア・デジタルセグメントの利益率が圧迫されている。,2026-05-22T10:00:00+09:00
132,2885,PBR 0.98 倍は 5 大商社で唯一の『1 倍割れ』、解散価値割れの懸念が織り込まれた水準,,PBR 0.98 倍は他 4 社（1.1-1.5 倍）と明確に乖離、市場が住友の事業価値に懐疑的な姿勢を示す。構造改革による ROE 改善（10% 超）が確認されれば、PBR 1.1-1.2 倍への戻りで株価 +15-25% 余地。配当 4.5% は最も高く、下値は限定的。,2026-05-22T10:00:00+09:00
133,2854,穀物・電力の『非資源型ポートフォリオ』で 5 大商社の中堅ポジションを確立,,丸紅は資源比率 30% 程度で、5 大商社中で伊藤忠に次ぐ非資源型。穀物トレーディング（Gavilon・Helena）と電力 IPP（世界 1.2 万 MW）が安定収益の二大柱。資源価格変動に対して相対的に強く、ROE 14.2% を維持。,2026-05-22T10:00:00+09:00
134,2854,北米事業比率 28% は 5 大商社で最大、米国経済との連動性が高い,,Gavilon（穀物）・Helena（農業）・電力 IPP・LNG などで北米事業比率 28%。米国経済の堅調さが直接利益貢献する『米国エクスポージャー商社』。USD/JPY ベータ 0.92 は商社中最大級。米国農業政策・規制動向の影響を強く受ける。,2026-05-22T10:00:00+09:00
135,2854,電力 IPP（世界 1.2 万 MW）は再エネシフトで『成長セグメント』に転換しうる,,丸紅の電力 IPP 事業は世界 1.2 万 MW、これは中規模電力会社並み。従来は火力中心だったが、再エネシフトに伴い太陽光・風力への入れ替えを進行中。脱炭素プレミアムが付けば、電力セグメントの再評価で全社 PER 引き上げ余地。,2026-05-22T10:00:00+09:00
136,2996,日銀利上げ 1 回（+0.25%）で当期純利益 +500-700 億円の感応度,,MUFG の貸出残高は約 110 兆円、政策金利 +0.25% 上昇で年間 +500-700 億円の利益貢献試算。日銀の利上げサイクル（2024 年 0% → 2026 年 1% を想定）で、純利益は段階的に拡大。市場が利上げペースをどう織り込むかで PER が変動する。,2026-05-22T10:00:00+09:00
137,2996,Morgan Stanley 20% 出資が『隠れた資産』として再評価される可能性,,"MUFG は 2008 年に米モルガン・スタンレーへ 90 億ドル出資（現在 20% 規模）、持分法損益として年間 3,000-5,000 億円規模を計上。Morgan Stanley の時価総額成長で MUFG の保有価値も拡大、簿価より時価ベースで 1.5-2 倍規模の隠れた価値。",2026-05-22T10:00:00+09:00
138,2996,東南アジア戦略（タイ・インドネシア・ベトナム）が次の成長エンジン,,Bank of Ayudhya（タイ・連結子会社）、Bank Danamon（インドネシア・93% 保有）、Vietin Bank（ベトナム・約 20% 出資）で東南アジア中産階級拡大の恩恵を享受。日本国内市場の縮小を補う長期成長エンジンとして、PER 評価の上値余地に影響。,2026-05-22T10:00:00+09:00
139,2999,Olive（個人向け統合金融サービス）が『次世代リテール戦略』の試金石,,2023 年スタートの Olive（銀行 + 証券 + カード + 保険の統合アプリ）は 2 年で 200 万口座を獲得、目標 500 万口座（2027）を目指す。新規個人顧客の獲得と既存顧客のエンゲージメント向上を同時に狙う戦略。デジタル変革の成否が中長期 ROE を決める。,2026-05-22T10:00:00+09:00
140,2999,米 Jefferies Financial Group（15% 出資）が投資銀行業務を強化,,2023 年に米 Jefferies に 15% 出資、日本では SMBC 日興、米国では Jefferies と協業して M&A 助言・引受業務を強化。野村 HD・Goldman Sachs に対抗する『日米統合投資銀行』として、長期的に投資銀行収益のシェア拡大を狙う。,2026-05-22T10:00:00+09:00
141,2999,配当 4.2% は 3 メガバンクトップ、累進配当方針で下値の支え,,SMFG は 2026 年に配当性向 40% 超を目標、累進配当（減配しない）方針を継続。3 メガバンクの中で最も配当利回りが高く、個人投資家・新 NISA 流入の最大の受け皿。下値は配当利回りで支えられ、株価下落局面でも限定的。,2026-05-22T10:00:00+09:00
142,3034,PBR 0.85 倍は解散価値割れ、3 メガバンクで最も割安だが理由がある,,PBR 0.85 倍は MUFG 1.08 倍・SMFG 0.95 倍と比べて明確に低い。2021 年のシステム障害（19 件発生、頭取交代）で経営信頼が傷つき、ROE 7.8% も他 2 行より低い。構造改革とシステム刷新が完了して ROE 8% 超への回復が確認されれば、PBR 0.95-1.0 倍への戻りで株価 +10-15% 余地。,2026-05-22T10:00:00+09:00
143,3034,Greenhill 買収（2023）で米国 M&A 助言業務を本格強化,,2023 年に米 Greenhill & Co. を 5.5 億ドルで買収、独立系 M&A 助言会社として米国で実績ある会社を取り込んだ。みずほ証券と統合することで日米クロスボーダー M&A 案件の獲得を狙う。3 年でシナジー収益 200 億円超を目標、達成可否が次の評価軸。,2026-05-22T10:00:00+09:00
144,3034,楽天証券との戦略提携（2023）でリテール顧客基盤を大幅拡大,,"2023 年に楽天証券に 800 億円を出資（持分法）、楽天証券 1,000 万口座超のリテール顧客にみずほ銀行の金融商品を販売する仕組み。新 NISA 拡大期の追い風で、リテール手数料収入の段階的拡大が見込める。デジタルネイティブ顧客の獲得という長年の課題に対応。",2026-05-22T10:00:00+09:00
145,3066,ROE 6.2% は『野村の最大の構造課題』、戦略的選択肢が問われている,,野村 HD の ROE 6.2% はメガバンク（8-9%）・SMFG・MUFG より明確に低く、保険・商社も上回らない。リテール・投資銀行・運用の 3 事業構造の中で、ホールセール（投資銀行）の収益効率が長期的に低い。Lehman Brothers アジア・欧州事業（2008）以来の『グローバル投資銀行』志向の見直しが投資家から求められ続けている。,2026-05-22T10:00:00+09:00
146,3066,"新 NISA 拡大で『リテール 1,000 万口座』の優位性が再評価される可能性",,野村のリテール口座数は 530 万、新 NISA 開始（2024）で年 100 万口座超のペースで拡大中。リテール売上・手数料収入は構造的拡大期で、ホールセール（投資銀行）の収益不安定性をカバー。リテールセグメントだけ見れば営業利益率 22% 超で十分な収益性、リストラ・効率化の進捗次第で全社 ROE 改善余地。,2026-05-22T10:00:00+09:00
147,3066,PBR 0.78 倍は『投資銀行業務の構造的不確実性』を市場が織り込んだ水準,,PBR 0.78 倍は 3 メガバンク（0.85-1.08 倍）より低く、市場が野村のホールセール業務の収益性に懐疑的。Goldman Sachs・JP Morgan・Morgan Stanley と直接競争するには資本力が足りず、専門領域への集中（テクノロジー・ヘルスケア・サステナビリティ）が必要。事業ポートフォリオ見直しの宣言があれば再評価余地。,2026-05-22T10:00:00+09:00
148,3096,海外比率 50% 超は『災害リスクの地理的分散』として構造優位,,東京海上は過去 20 年で米国・南米・東南アジアに積極 M&A、海外比率 50% 超を達成。日本で大地震・台風が発生しても海外で相殺、グローバル分散による安定収益性が確保されている。Pure Group（米富裕層損保）等の高利益率事業も買収。海外比率の高さが ROE 13.5% を支える。,2026-05-22T10:00:00+09:00
149,3096,気候変動による『災害頻度増加』は保険料率引き上げで対応可能,,気候変動による台風・洪水・山火事の頻度・規模拡大は保険業の長期リスクとして語られるが、保険会社は保険料率を毎年引き上げることで対応可能。米国住宅保険では年率 +10-15% の料率上昇が定着しつつあり、東京海上もこのトレンドの恩恵を享受。災害リスクは『機会』に転化しうる。,2026-05-22T10:00:00+09:00
150,3096,金利上昇で『運用収益拡大』、日銀利上げサイクルの隠れた受益者,,東京海上の運用資産は 30 兆円規模、債券・株式・REIT・不動産で構成。日銀利上げで国債利回りが上昇すると、新規債券投資の利回りが向上し、運用収益が段階的に拡大。メガバンク同様、利上げの恩恵を受ける『金利株』としての側面も持つ。,2026-05-22T10:00:00+09:00
151,3088,ビッグモーター事案以降の代理店改革で『損保業界全体』の構造変化,,2023 年のビッグモーター事案で MS&AD・損保ジャパン・東京海上の 3 社が業務改善命令。この事案以降、代理店契約の見直し・コンプライアンス強化・代理店手数料体系の透明化が業界全体で進行。短期は事務コスト増だが、長期では『健全な代理店ネットワーク』の確立につながる構造変化。,2026-05-22T10:00:00+09:00
152,3088,東京海上との海外戦略差が ROE 格差（8.4% vs 13.5%）の主因,,MS&AD の海外比率 32% に対し、東京海上は 50% 超。海外保険の利益率は国内より高く（東京海上 20.5% vs MS&AD 15.5%）、海外比率の差が ROE 格差を生んでいる。MS&AD の海外 M&A 加速が次の評価軸、東南アジア中心の戦略が成功するかが鍵。,2026-05-22T10:00:00+09:00
153,3088,配当 4.8% は損保業界最高水準、累進配当で下値の支え,,MS&AD は配当性向 50% 超を目標、累進配当（減配しない）方針を継続。配当 4.8% は損保業界最高、新 NISA 流入の受け皿として個人投資家に人気。利上げで運用収益も拡大、配当の継続性は構造的に安定。,2026-05-22T10:00:00+09:00
154,3105,日銀利上げ感応度は『マイナス』だが、インフレ局面では賃料上昇で相殺,,10 年国債利回り 1% 上昇でデベロッパー株は平均 -10-15% 下落する歴史的傾向。一方、インフレ局面では都心オフィス賃料が年率 +3-5% で上昇、商業施設の売上歩合賃料も拡大。三井不動産は『金利上昇』と『インフレ』の合成感応度で見るべき銘柄。インフレ率 2% 超 + 利上げ 1% なら、純利益への影響はネット中立～ややプラス。,2026-05-22T10:00:00+09:00
155,3105,日本橋・八重洲再開発（2027-30 年竣工）が長期成長エンジン,,"三井不動産は日本橋エリア（COREDO シリーズ + 日本橋一丁目中地区）、八重洲エリア（東京ミッドタウン八重洲）で総額 1 兆円超の再開発を推進。2027-30 年竣工で完成後の賃料収入年間 +1,500-2,000 億円規模が見込める。完成タイミングの株価織り込み度が中期の評価軸。",2026-05-22T10:00:00+09:00
156,3105,海外不動産（米国・英国）は『分散投資』として中長期の安定収益源,,三井不動産は米国（ニューヨーク 50 ハドソンヤード等）・英国（ロンドン）で開発・賃貸事業を展開、海外売上比率 18%。米国住宅市場の好況・ロンドン金融街の再評価で、海外事業の利益貢献は 2025-30 年でさらに拡大見込み。日本国内市場の縮小を補う長期成長エンジン。,2026-05-22T10:00:00+09:00
157,3106,10 年国債利回り感応度（-0.78）が不動産業界最大級、日銀利上げの最大の被害者,,三菱地所の US10Y ベータ -0.78 は不動産業界最大級、日銀利上げサイクル（2024-26 年）で株価が圧迫される構造。PER 16.2 倍はプレミアム水準だが、利上げ進行で 12-13 倍への切り下げリスク。丸の内ブランドの安定性と利上げ感応度のバランスが投資判断の核心。,2026-05-22T10:00:00+09:00
158,3106,Torch Tower（常盤橋・2028 年竣工）は日本一の超高層ビル、丸の内ブランドの拡張,,Torch Tower は高さ 390m、日本一の超高層ビル（2028 年竣工予定）。総事業費 1.2 兆円規模、完成後の賃料収入年間 +700-900 億円が見込める。丸の内ブランドを東京駅東側にも拡張、グローバル金融機関の本社誘致を狙う。完成タイミングが投資家最重要 KPI。,2026-05-22T10:00:00+09:00
159,3106,丸の内オフィス空室率 2% 台は『プレミアム需要の象徴』、賃料引き上げ余地大,,"丸の内・大手町エリアのオフィス空室率は 2% 台（東京全体 5-6%）、プレミアム需要が継続。賃料単価は東京で最高水準（坪 40,000 円超）だが、グローバル金融機関の集積で引き上げ余地は残る。賃料単価 +5% で営業利益 +290 億円規模の感応度。",2026-05-22T10:00:00+09:00
160,3110,営業利益率 22.5% は不動産業界トップ、賃貸事業特化の構造優位,,賃貸事業比率 50% 超は 3 大デベロッパーで最高、賃貸事業の営業利益率 38.5% が全社利益を押し上げる。三井不動産 28.5%・三菱地所 32.5% より高く、長期保有モデルで減価償却完了済みの物件比率が高い。これが ROE 9.4%（3 大デベ最高）を支える。,2026-05-22T10:00:00+09:00
161,3110,海外展開ゼロは『リスク回避』だが『成長機会の喪失』でもある,,住友不動産は海外展開がほぼゼロ、3 大デベロッパーで唯一の国内特化。為替リスク・地政学リスクを完全に回避できる一方、日本国内市場の縮小（人口減・オフィス需要減）に対する分散がない。長期的に他 2 社との成長率格差が拡大する可能性。,2026-05-22T10:00:00+09:00
162,3110,リフォーム事業（住友不動産のリフォーム）が『隠れた成長エンジン』,,"リフォーム事業は売上 1,100 億円規模で業界 3 位、住宅ストック市場（中古住宅）の拡大で構造的成長期。新築需要は人口減で縮小するが、既存ストックのリノベーション需要は拡大、住友のシェア拡大余地大。短期的な収益貢献は限定的だが、5-10 年で柱に育つ可能性。",2026-05-22T10:00:00+09:00
163,114,物流施設（DPL）1.5 兆円規模は『E-commerce 拡大の最大受益者』,,大和ハウスの物流施設保有額は約 1.5 兆円、国内トップ級。Amazon・楽天・Yahoo 等の e-commerce 拡大で物流施設の需要は構造的拡大、賃料単価も上昇基調。物流施設の利益率 11.5% は商業・物流セグメントの牽引役、今後 5-10 年でさらに比率拡大の可能性。,2026-05-22T10:00:00+09:00
164,114,日本国内住宅市場は構造的縮小、海外展開と物流シフトで補う戦略,,日本の戸建住宅着工戸数は年率 -3-5% で縮小中（人口減・若者離れ）。大和ハウスは戸建依存度を下げて、物流施設（DPL）・海外（米国住宅・東南アジア）に経営資源シフト。短期では構造転換コストだが、長期では多角化による安定収益確保。,2026-05-22T10:00:00+09:00
165,114,PER 9.8 倍は『戸建住宅イメージ』のディスカウント、物流・海外の再評価余地,,PER 9.8 倍は不動産業界平均より低め、市場が大和ハウスを依然『戸建住宅会社』として評価している証左。実際は物流施設・海外不動産の比率が拡大し、事業構造は『総合不動産・物流デベロッパー』に近づいている。事業構造変化が市場に浸透すれば PER 12-14 倍への戻り余地。,2026-05-22T10:00:00+09:00
166,116,"MDC Holdings 買収（2024、約 5,500 億円）が海外戦略の最大の決断",,"2024 年に米国住宅大手 MDC Holdings を約 5,500 億円で買収、米国住宅市場での 5 位級プレイヤーに浮上。日本国内住宅市場の縮小に対する分散戦略で、海外売上比率は 12% → 22% に急拡大。米国住宅市場の構造的需要（人口増・住宅不足）が今後 5-10 年で利益貢献を拡大、PER 再評価のドライバー。",2026-05-22T10:00:00+09:00
167,116,プレミアム戸建市場のシェア優位は『高金利でも崩れにくい』構造,,"積水ハウスの戸建単価は 6,000-8,000 万円のプレミアム帯（業界平均 4,000 万円）。富裕層の購入は金利上昇の影響を相対的に受けにくく、市場縮小局面でも単価維持が可能。一方、若年層向け戸建は金利上昇で需要減、住宅大手全体ではマイナス圧。シャーウッドの 6,000 万円超単価が長期で強み。",2026-05-22T10:00:00+09:00
168,116,"リフォーム事業（年 1,800 億円）は『住宅ストック市場拡大』の長期受益者",,"日本の住宅ストックは 6,000 万戸超で世界有数、これに対し新築需要は年 80 万戸まで縮小中。リフォーム市場は構造的拡大期で、積水ハウスは『シャーウッドを建てた顧客』への継続的リフォーム提案で顧客生涯価値を最大化。短期収益貢献は限定的だが、5-10 年で柱に成長。",2026-05-22T10:00:00+09:00
169,3348,22 期連続増配の『累進配当』政策は配当目的投資家の安全資産化,,"NTT は 2003 年以降 22 期連続増配、累進配当（減配しない）を明文化しており、配当目的投資家にとって日本市場最高水準の安全資産。配当性向は 35% 程度で、自社株買い（年 1,000 億円規模）と合わせた総還元性向は 50% 超。10 年国債利回り 1.5% の現状でも、3.2% の配当利回りは利回り魅力で機能。長期保有銘柄の代表格。",2026-05-25T10:00:00+09:00
170,3348,IOWN（光技術次世代インフラ）への 1 兆円規模投資が 2030 年代の構造変化点,,IOWN（Innovative Optical and Wireless Network）は光技術で消費電力 1/100・伝送容量 125 倍を狙う次世代通信インフラ構想。2023-2030 年で約 1 兆円規模を投資、AI・データセンタの電力消費爆発を解決する技術として注目。商業展開は 2027-30 年からで、現時点では PER に織り込まれていない。実現すれば NTT の中核技術として超長期成長軸。,2026-05-25T10:00:00+09:00
171,3348,NTT データ完全子会社化（2024）で『日本の Accenture』を狙う構造,,2024 年に NTT データを完全子会社化、海外売上比率 60% 超の IT サービス事業を完全統合。グローバル市場では Accenture・TCS・IBM Consulting と競合、日本企業の DX 需要を背景に成長率 +8% 維持。NTT 全体の海外売上比率 22% の大半は NTT データ起因。データ事業利益貢献 26% が次世代の柱として、通信主軸からの構造シフトを推進。,2026-05-25T10:00:00+09:00
172,3349,三菱商事 × KDDI のローソン買収（2024）は『通信＋生活』統合戦略の象徴,,"2024 年に三菱商事と KDDI が共同でローソンを TOB・非公開化（取得額約 5,000 億円）、KDDI 持分 50%。コンビニ 14,000 店舗を au ブランド経済圏に組み込み、au PAY・au でんき・ローソン Ponta ポイントの相互送客で顧客生涯価値を最大化。通信単独では成熟だが、生活データを統合する戦略で他通信社との差別化を実現。利益貢献は年 +1,200 億円規模、KDDI 連結純利益の +15% 押し上げ要因。",2026-05-25T10:00:00+09:00
173,3349,"au 経済圏の MAU 4,800 万人は『LINE ヤフー・楽天』と並ぶ三大経済圏",,"au PAY・au ID・Ponta ポイント連動で月間アクティブユーザ 4,800 万人。LINE ヤフー（PayPay）9,500 万、楽天 5,500 万に次ぐ三大経済圏で、ローソン買収でリアル接点が大幅拡大。決済単独では他社に劣るが、通信本業の高 ARPU（月額 6,000-7,000 円）×ローソン日常利用×電力契約のクロスセル比率が業界最高水準。",2026-05-25T10:00:00+09:00
174,3349,Starlink との連携で『山岳・海上』通信エリアが拡大、楽天モバイルへの牽制,,2024 年から SpaceX Starlink と提携、衛星通信でモバイル基地局がカバーしない山岳・海上・離島エリアもサービス可能に。これは楽天モバイル（基地局少なく圏外問題）への対抗策で、特に法人向け（建設・船舶・物流）の差別化要素として機能。米 T-Mobile が Starlink との連携で 100% カバレッジを謳う流れと同期、グローバル衛星通信の波に日本初対応。,2026-05-25T10:00:00+09:00
175,3563,Arm Holdings の時価（推定 16-18 兆円）が SBG 純資産価値の半分超を占める,,Arm Holdings（NASDAQ: ARM）は 2023 年 9 月上場、AI 半導体設計の独占的プラットフォーマー。SBG の保有比率約 90%、時価ベース保有価値は 2026 年現在で 16-18 兆円規模（Arm 時価 17-20 兆円）。SBG 自身の時価 16.8 兆円を超える計算で、Arm 保有だけで SBG の時価評価が説明できる構造。Arm 株価の SOX 連動性（β 2.5）が SBG の株価ボラの最大要因。,2026-05-25T10:00:00+09:00
176,3563,OpenAI 大型投資（推定 400 億ドル）は AI 上流バリューチェーン制圧の戦略的一手,,"2024-2025 年に SoftBank Vision Fund を通じて OpenAI に推定 400 億ドル投資、OpenAI 評価額 3,000 億ドル時の最大級出資者の一つ。OpenAI 株式（非上場）の時価評価益がファンド業績を直接押し上げる構造。さらに Stargate プロジェクト（OpenAI・SBG・Oracle・MGX 共同、米国 AI インフラ最大 5,000 億ドル計画）で『モデル＋インフラ＋半導体（Arm）』の三位一体ポジションを構築。",2026-05-25T10:00:00+09:00
177,3563,SBG の真の論点は『株価 vs 純資産価値（NAV）ディスカウント』,,SBG は『投資先時価合計（NAV、約 35 兆円）の半分以下で株価が推移』する構造的ディスカウント銘柄。市場の認識は『孫氏が投資判断を誤るリスク』『Vision Fund 損失リスク』『中国投資先の地政学リスク』を 50% 程度織り込み。Arm 上場成功で一時的にディスカウント縮小も、OpenAI・Stargate の成果次第で再評価余地大。短期投資ではボラ高、長期投資では NAV 接近で 2 倍化余地。,2026-05-25T10:00:00+09:00
178,1382,"楽天モバイル赤字（年 -3,000 億円）の黒字化タイミングが最大の株価要因",,"楽天モバイルは 2020 年 4 月サービス開始、5 年間で累計 1.5 兆円超の投資。2025 年時点で契約数 800 万、ARPU 2,200 円（NTT・KDDI は 6,000-7,000 円）で赤字続く。基地局カバレッジ拡大（2024 年人口カバレッジ 99.9% 達成）・ARPU 上昇（プラチナバンド獲得 2024）で 2026-27 年の単月黒字、2028 年通期黒字を計画。黒字化実現すれば株価 2 倍化余地。逆に遅延・赤字継続なら資金繰りリスク再燃。",2026-05-25T10:00:00+09:00
179,1382,楽天銀行・楽天証券の好業績が連結赤字を支える『隠れた金鉱』,,"楽天銀行（2023 上場、預金残高 12 兆円超）と楽天証券（口座数 1,200 万）の金融セグメントは営業利益率 24.5% の好業績。フィンテック単独では PER 15-20 倍の評価額で、連結時価 22,500 億円の半分以上を説明できる隠れた価値。楽天モバイル黒字化シナリオに加えて、フィンテック単独評価でも下値堅い。",2026-05-25T10:00:00+09:00
180,1382,"楽天経済圏 MAU 5,500 万・楽天 ID 1.1 億は LINE ヤフー（PayPay）への対抗軸",,"楽天 ID 累計 1.1 億、月間アクティブ 5,500 万、楽天ポイント年発行額 6,000 億円で日本最大級の経済圏。クロスユース率 70% 超（複数サービス利用）でロイヤルティ高。LINE ヤフー（PayPay 9,500 万）に MAU で劣るが、購買データ × 金融データの結合密度では業界トップ。AI レコメンド・与信判断での収益化余地大。",2026-05-25T10:00:00+09:00
181,1060,スチレン・コークス事業の売却が事業ポートフォリオ転換の最大の判断,,汎用化学（スチレン・コークス）は中国の過剰供給で構造不況、営業利益率は -2% 〜 +2% の低位で推移。三菱ケミカルは 2024 年以降、これらの汎用事業の売却・撤退を検討中で、決定すれば全社の営業利益率は +2-3% 改善見込み。一方、売却損失（数千億円規模）が一時的に計上される可能性。事業ポートフォリオ転換の成功が PBR 0.92 → 1.2 倍への回復ドライバー。,2026-05-25T10:00:00+09:00
182,1060,MMA（メタクリル樹脂）世界シェア 1 位は『液晶・自動車塗料』の隠れた基幹素材,,MMA（PMMA 原料）はディスプレイ用導光板・自動車塗料・建材で広く使われる機能性素材。三菱ケミカルは世界シェア 1 位（約 35%）、特に高純度品で圧倒的優位。MMA 単独の営業利益率は 15-20% で全社水準を大きく上回り、機能性化学への構造シフトの核となる事業。アジア需要拡大で 2027 年に売上 +20% を計画。,2026-05-25T10:00:00+09:00
183,1060,産業ガス（Nippon Sanso）統括は『半導体業界』への間接エクスポージャー,,産業ガス子会社 Nippon Sanso Holdings は半導体製造プロセス（プラズマエッチング・成膜）に不可欠なガス（窒素・酸素・希ガス）を供給。半導体投資拡大の構造的恩恵を受け、営業利益率 12.5% は化学業界トップ級。三菱ケミカル連結営業利益の 35% を稼ぐ実質的な利益柱で、SOX 指数連動性も高い隠れた半導体銘柄。,2026-05-25T10:00:00+09:00
184,967,Petro Rabigh の巨額赤字は『中東石化への過剰投資』の典型的失敗事例,,"サウジアラビア合弁 Petro Rabigh は 2008 年稼働、住友化学持分 37.5%。中国の過剰供給・原油価格変動・現地通貨リスクが重なり、2024-25 年で累計 -5,000 億円規模の損失。住友化学はサウジ Saudi Aramco との合意で 2026 年に持分縮小・撤退を計画。撤退に伴う一時損失（推定 2,000-3,000 億円）で連結赤字さらに拡大の可能性、撤退完了後は赤字止血で黒字化への道筋。",2026-05-25T10:00:00+09:00
185,967,住友ファーマ（4506）の精神疾患薬パイプライン失敗が長期収益柱を失った,,住友ファーマは Latuda（ルラシドン、統合失調症薬）の特許切れ後の後継薬開発に大きな期待がかかっていたが、2023-24 年で複数のフェーズ 3 試験失敗。これにより住友化学の医薬セグメントは大幅赤字、長期成長軸を失った。代替戦略として癌治療薬・iPS 細胞療法へのシフトを進めるが、収益化は 2028-30 年以降と長期。,2026-05-25T10:00:00+09:00
186,967,EUV レジスト（半導体材料）は『最後の希望』、TEL・JSR・東京応化との競合,,EUV 露光プロセスで使う感光性レジストは住友化学・JSR（4185）・東京応化（4186）が世界の主要プレイヤー、TSMC・サムスン向けで需要拡大。住友化学の電子材料セグメントは営業利益率 5.5% で全社黒字化への貢献源。EUV レジストの市場拡大は 2025-30 年で年率 +15-20%、住友化学の生き残りの鍵。,2026-05-25T10:00:00+09:00
187,665,炭素繊維世界シェア 1 位は『Boeing・Airbus の生産回復ペース』が業績の鍵,,炭素繊維は Boeing 787（機体重量の 50% が CFRP）・Airbus A350（53%）で大規模採用、東レは世界シェア約 35-40%。Boeing の品質問題（2024）で生産遅延が業績に直接影響、A350 の月産回復ペースとセットで観察。航空機部門の生産が正常化すれば、炭素繊維事業の営業利益率は 7.8% → 12-15% への回復余地。長期では Airbus A321XLR・Boeing 777X 量産で需要拡大。,2026-05-25T10:00:00+09:00
188,665,リチウムイオン電池用セパレータは『EV 拡大の隠れた受益者』,,東レはリチウムイオン電池用セパレータ（電解液を仕切る薄膜）で世界シェア 2 位、トヨタ・パナソニック・LG エネ・CATL 等に供給。EV 1 台あたりセパレータ約 30-40 平米使用、EV 拡大で需要構造的に拡大。営業利益率は約 10-15% で機能化成品セグメントの主要利益源。中国 SK イノベーション・LG エネとの競争激化で、価格圧力に対する差別化（強度・寿命）が継続課題。,2026-05-25T10:00:00+09:00
189,665,水処理膜（RO 膜）世界シェア 1 位は『気候変動・水不足』の超長期受益者,,東レは逆浸透膜（RO 膜、海水淡水化に使用）で世界シェア約 30%、Dow・GE と並ぶ世界三強の一角。気候変動・水不足の深刻化で中東・北アフリカ・米国カリフォルニア・シンガポール等で淡水化需要は構造的拡大、年率 +7-10%。環境・エンジニアリングセグメントの中核事業で、超長期で東レの利益柱に成長する可能性。,2026-05-25T10:00:00+09:00
190,2983,ツルハ HD（ドラッグストア）統合（2024-25）で『業界最大の小売グループ』への戦略加速,,2024 年にツルハホールディングス（3391）の株式公開買付（TOB）・連結子会社化を実施、これでウエルシア HD と合わせてイオングループのドラッグストア事業は売上 2.5 兆円超の業界最大規模に。ドラッグストア事業は営業利益率 5-7% で GMS（0.5%）・SM（1.8%）より明確に高く、グループ全体の利益率改善ドライバー。Welcia + ツルハの統合シナジーで 2027 年に営業利益 +500 億円規模の押し上げ効果。,2026-05-26T10:00:00+09:00
191,2983,PB『トップバリュ』売上 1 兆円超は『インフレ局面の最大の盾』,,イオンの PB『トップバリュ』は売上 1 兆円超で日本最大の PB ブランド、NB（ナショナルブランド）より 20-30% 安価。インフレ局面で消費者の節約志向が PB シフトを加速、トップバリュ売上は前年比 +12% 成長。NB との粗利差は 15-20pp、PB 比率上昇でグループ全体の粗利率を構造的に改善。長期的にはトップバリュ売上 1.5 兆円・PB 比率 25% を目指す。,2026-05-26T10:00:00+09:00
192,2983,イオンモール・イオン銀行は『隠れた高収益事業』、SOTP 評価では時価の半分相当,,"イオンモール（8905、上場子会社）の単独時価は約 3,500 億円、イオン銀行（推定）は約 4,000 億円、これだけで連結時価 3.35 兆円の 22% を占める。さらに営業利益率 18-22% の高収益事業として、グループ全体の利益貢献は 30% 超。GMS・SM の低収益事業に隠れがちだが、SOTP 評価では『不動産＋金融』の価値が再評価される潜在性。",2026-05-26T10:00:00+09:00
193,653,ACT（カナダ Couche-Tard）からの TOB 提案は『世界コンビニ業界の地殻変動』,,2024 年 8 月、カナダの Alimentation Couche-Tard（ACT、世界 3 位のコンビニ運営会社）がセブン&アイに約 7 兆円規模の TOB 提案。セブン&アイは独立維持の方針で創業家による MBO（経営陣による買収）を検討中だが、株主圧力・株価上昇・事業ポートフォリオ再編で構造転換ペースが大幅に加速。ACT 提案が成立しなくても、創業家 MBO 成立で非公開化、または独立維持での大規模自社株買い・配当増の可能性。,2026-05-26T10:00:00+09:00
194,653,イトーヨーカ堂売却計画（2025-26）は『コンビニ集中戦略』への決定的シフト,,創業以来の中核事業だった GMS イトーヨーカ堂は営業赤字（-50 億円規模）・PBR 引き下げ要因として認識され、2025 年中の売却・分離計画を推進中。買い手は国内 PE ファンド・他小売・物流系企業の候補あり。売却完了で連結営業利益 +500-800 億円の押し上げ、コンビニ事業（営業利益率 国内 22.5%）への集中で全社 ROE 改善・PER 再評価。,2026-05-26T10:00:00+09:00
195,653,Speedway 統合（米国コンビニ）の利益率改善が長期成長の最大の鍵,,セブン&アイは 2021 年に米 Speedway を 2.1 兆円で買収、北米コンビニ事業を世界最大規模に。Speedway 統合シナジーで営業利益率は 3.5% → 5-6% への改善目標（国内 22.5% との差は依然大）。米国コンビニ市場は ARPU 高・PB 強化余地大で構造的成長、Speedway 統合シナジー進捗が PER 再評価のドライバー。,2026-05-26T10:00:00+09:00
196,3562,ユニクロ海外（中国・北米）の成長持続性が PER 38.5 倍を正当化する最大の根拠,,ユニクロ海外売上比率は 48.5%（中国 28%・東南アジア 16%・欧米 24%）で 2025-30 年で +60% への到達計画。中国は成熟期入りで成長率は +5-8% に減速、代わりに北米・欧州が +15-25% の高成長フェーズに。北米市場は 70 店から 200 店への拡大計画、欧州も Inditex（Zara）との直接競合領域で苦戦しつつもブランド浸透。海外成長率の維持・加速が PER 38.5 倍の正当化の鍵。,2026-05-26T10:00:00+09:00
197,3562,ヒートテック・エアリズムの機能性ファブリック技術は『世界アパレル小売で唯一の参入障壁』,,ユニクロは東レ（3402）・帝人等との長期共同開発でヒートテック（保温吸湿）・エアリズム（吸汗速乾）・ウルトラライトダウン（軽量保温）等の機能性ファブリックを開発、これがブランドの差別化軸。Zara・H&M 等のファストファッション競合は『流行性』で勝負、ユニクロは『機能性』で勝負という棲み分け。機能性ファブリック特許の累計数は業界トップで、模倣困難な技術的優位。,2026-05-26T10:00:00+09:00
198,3562,円安レバレッジ最大級（海外売上 60% 超）+ 国内インフレ転嫁の二段の追い風,,ファーストリテイリングは海外売上比率 60% 超（連結ベース）で円安局面の利益押し上げ効果が顕著、USD/JPY +10 円で営業利益 +500-800 億円規模の感応度。さらに国内アパレル市場ではユニクロ価格が業界最低水準（同等品質の他社比 -20-30%）でインフレ転嫁の余地が他社より大、価格 +5-10% の値上げ実施でも消費者離反は限定的。為替＋インフレの二段追い風で 2026-27 年営業利益は過去最高更新ペース。,2026-05-26T10:00:00+09:00
199,742,"訪日インバウンド 4,000 万人で『外国人客単価 +30%』の追い風、業界平均比 2 倍",,"2025 年の訪日客数は約 4,000 万人で過去最高、スシローの訪日客比率は店舗平均 8%（都心 銀座・新宿 等は 30-40%）。訪日客の客単価は日本人比 +50-100%（為替の有利性 + メニュー追加注文）で、訪日客 +10% で営業利益 +30-50 億円規模の感応度。円安局面で外国人客単価がさらに上昇、訪日インバウンドは FLC 業績の構造的追い風として継続。",2026-05-26T10:00:00+09:00
200,742,海外スシロー（台湾・東南アジア）の営業利益率 12.5% は国内 9.2% を上回る『隠れた成長エンジン』,,海外スシローは台湾 80 店・香港 25 店・韓国 10 店・東南アジア 30 店超で構成、営業利益率 12.5% は国内 9.2% を上回る。これは現地での 寿司＝プレミアム外食 のポジショニングで客単価が日本の 1.5-2.0 倍、賃料・人件費比率も低位。今後 5 年で海外 200 店超への拡大計画、海外売上比率 17.2% → 30% を目指す。,2026-05-26T10:00:00+09:00
201,742,マグロ等寿司原料価格の上昇圧迫 vs 価格転嫁・回転率向上の二律背反,,ロシア・ウクライナ戦争・気候変動でマグロ・サケ・カニ等寿司原料の国際価格は構造的に上昇、過去 3 年で +20-30% 上昇。FLC は価格転嫁（1 皿 100 円 → 120 円 → 150 円のグレード分け）と回転率向上（IT 化・タッチパネル注文）の二軸で対応中、原料価格上昇 +10% でも営業利益率 8-10% を維持。長期的にはセントラルキッチン拡大・養殖魚利用拡大で原料リスク低減。,2026-05-26T10:00:00+09:00
202,2971,"低価格帯（単価 1,500-2,000 円）の優位は『地方ロードサイド型』の独自ポジション",,"しまむらの平均客単価は 1,500-2,000 円で業界最低水準、ユニクロ（3,500-5,000 円）・GU（2,000-3,000 円）と価格帯で明確に差別化。ロードサイド型店舗（駐車場併設）でファミリー・地方シニア層を狙う独自セグメント、ショッピングモール型の競合（ユニクロ・GU）と棲み分け。インフレ局面で消費者の節約志向がしまむらシフトを後押し、客数 +3-5% の構造的恩恵。",2026-05-26T10:00:00+09:00
203,2971,海外展開せず『国内特化』戦略の強みと長期リスク,,ユニクロ・無印良品・ニトリが積極的海外展開する中、しまむらは国内特化を貫く。これは『地方ロードサイド型』モデルが海外で機能しにくい現実認識による合理的判断だが、日本人口減・若年層 EC シフトで国内市場は構造的縮小局面に。配当 3.5% の安定収益型として割安に評価される一方、長期成長余地は限定的という認識が PER 14.5 倍の低位を説明。,2026-05-26T10:00:00+09:00
204,2971,バースデイ（ベビー・キッズ）拡大が『少子化対策』の代替成長軸,,出生数 70 万人切りの少子化進行下でも、バースデイ事業（300 店、売上 950 億円、営業利益率 9.2%）は『1 人の子供への投資単価上昇』で構造的成長維持。祖父母世代の孫向け消費（年 1 人 5-10 万円規模）と、共働き世代の時短志向（ロードサイドの一括購買）が需要源。少子化逆風を捉えた成長セグメントとして、しまむら本体の成熟を補う役割。,2026-05-26T10:00:00+09:00
