id,doc,page,period,url
1,2025年3月期 通期決算説明会資料,8,2025/3,
2,2025年3月期 通期決算説明会資料,12,2025/3,
3,2025年6月期 通期決算説明会資料,7,2025/6,
4,2025年3月期 通期決算説明会資料,9,2025/3,
5,2025年3月期 通期決算説明会資料,11,2025/3,
6,2025年3月期 通期決算説明会資料,14,2025/3,
7,2025年3月期 通期決算説明会資料,6,2025/3,
8,2025年3月期 統合報告書,22,2025/3,
9,2025年3月期 通期決算説明会資料,10,2025/3,
10,2025年3月期 通期決算説明会資料,13,2025/3,
11,2025年12月期 通期決算説明会資料,10,2025/12,
12,2025年12月期 通期決算説明会資料,8,2025/12,
13,2025年12月期 通期決算説明会資料,9,2025/12,
14,2025年12月期 通期決算説明会資料,14,2025/12,
15,2025年3月期 通期決算説明会資料,22,2025/3,
16,2025年3月期 通期決算説明会資料,18,2025/3,
17,2025年3月期 通期決算説明会資料,15,2025/3,
18,2025年3月期 通期決算説明会資料,17,2025/3,
19,2024年12月期 通期決算説明会資料,14,2024/12,
20,2025年3月期 通期決算説明会資料,16,2025/3,
21,2025年3月期 通期決算説明会資料,20,2025/3,
22,2025年3月期 統合報告書,32,2025/3,
23,2025年5月期 通期決算説明会資料,14,2025/5,
24,2025年11月期 通期決算説明会資料,12,2025/11,
25,2025年6月期 通期決算説明会資料,16,2025/6,
26,2025年9月期 通期決算説明会資料,9,2025/9,
27,2025年12月期 通期決算説明会資料,13,2025/12,
28,2025年3月期 通期決算説明会資料,24,2025/3,
29,2025年3月期 通期決算説明会資料,21,2025/3,
30,2025年3月期 通期決算説明会資料,19,2025/3,
31,2025年3月期 通期決算説明会資料,28,2025/3,
32,2025年3月期 通期決算説明会資料,26,2025/3,
33,2025年3月期 通期決算説明会資料,25,2025/3,
34,2025年3月期 通期決算説明会資料,23,2025/3,
35,2025年3月期 通期決算説明会資料,32,2025/3,
36,2025年3月期 通期決算説明会資料,30,2025/3,
37,2025年12月期 通期決算説明会資料,24,2025/12,
38,2026年2月期 通期決算説明会資料,18,2026/2,
39,2026年2月期 通期決算説明会資料,22,2026/2,
40,2025年8月期 通期決算説明会資料,24,2025/8,
41,2025年9月期 通期決算説明会資料,16,2025/9,
42,2026年2月期 通期決算説明会資料,14,2026/2,
